Tier,Company,Role Category,Job Title,Location,Job ID/Req ID,Direct Apply Link,Posted/Updated Timestamp (ISO),Work Model,Notes
Tier 2,Dropbox,Intern,Software Engineer Intern (Summer 2026),Remote - US: All locations,7183241,https://jobs.dropbox.com/listing/7183241,2025-09-03T09:27:21-04:00,,
Tier 2,Dropbox,Entry-Level,Content Designer,Remote - US: Select locations,7202733,https://jobs.dropbox.com/listing/7202733,2025-09-04T14:16:07-04:00,,
Tier 2,Dropbox,Junior,"Infrastructure Software Engineer, Orchestration",Remote - US: Select locations,7211135,https://jobs.dropbox.com/listing/7211135,2025-09-08T20:30:28-04:00,,
Tier 2,Dropbox,Junior,"Backend Product Software Engineer, Reclaim",Remote - US: Select locations,7140761,https://jobs.dropbox.com/listing/7140761,2025-09-10T14:34:23-04:00,,
Tier 2,Dropbox,Entry-Level,Deal Desk Manager,Remote - US: Select locations,6913085,https://jobs.dropbox.com/listing/6913085,2025-09-10T14:34:23-04:00,,
Tier 2,Dropbox,Entry-Level,"iOS Software Engineer, Mobile Infrastructure",Remote - US: Select locations,7053877,https://jobs.dropbox.com/listing/7053877,2025-09-10T14:34:23-04:00,,
Tier 2,Dropbox,Entry-Level,L&D Innovation Strategist,Remote - US: Select locations,7098528,https://jobs.dropbox.com/listing/7098528,2025-09-10T14:34:23-04:00,,
Tier 2,Dropbox,Entry-Level,Lifecycle Marketing Lead,Remote - US: Select locations,7158221,https://jobs.dropbox.com/listing/7158221,2025-09-10T14:34:23-04:00,,
Tier 2,Dropbox,Entry-Level,"Marketing Operations, Campaign Production Lead",Remote - US: Select locations,7107407,https://jobs.dropbox.com/listing/7107407,2025-09-10T14:34:23-04:00,,
Tier 2,Dropbox,Entry-Level,Customer Support,Remote - Australia: Select locations,7232338,https://jobs.dropbox.com/listing/7232338,2025-09-12T11:06:01-04:00,,
Tier 2,Dropbox,Entry-Level,"Security Engineer, Cloud & Infrastructure Security",Remote - US: Select locations,7210671,https://jobs.dropbox.com/listing/7210671,2025-09-24T00:32:13-04:00,,
Tier 2,Dropbox,Entry-Level,AI Operations Analyst,Remote - US: Select locations,6573334,https://jobs.dropbox.com/listing/6573334,2025-10-03T14:47:31-04:00,,
Tier 2,Dropbox,Entry-Level,Lifecycle Marketing Lead,Remote - US: Select locations,7301398,https://jobs.dropbox.com/listing/7301398,2025-10-07T13:43:20-04:00,,
Tier 2,Dropbox,Entry-Level,Desktop Sync Engineer,Remote - US: Select locations,7294203,https://jobs.dropbox.com/listing/7294203,2025-10-17T17:53:37-04:00,,
Tier 2,Dropbox,Entry-Level,Legal Operations Manager,Remote - US: Select locations,7344144,https://jobs.dropbox.com/listing/7344144,2025-10-21T18:38:22-04:00,,
Tier 2,Dropbox,Junior,"Frontend Product Software Engineer, Sharing Experience ",Remote - US: Select locations,7294237,https://jobs.dropbox.com/listing/7294237,2025-10-28T13:54:59-04:00,,
Tier 2,Dropbox,Entry-Level,Talent Brand Experiential Activation Lead,Remote - US: Select locations,7357264,https://jobs.dropbox.com/listing/7357264,2025-10-30T16:53:38-04:00,,
Tier 2,Dropbox,Intern,PhD Machine Learning Intern (Summer 2026),Remote - US: All locations,7368677,https://jobs.dropbox.com/listing/7368677,2025-11-05T17:07:52-05:00,,
Tier 2,Dropbox,Entry-Level,"Fullstack Product Software Engineer, DocSend",Remote - US: Select locations,7344968,https://jobs.dropbox.com/listing/7344968,2025-11-08T14:12:29-05:00,,
Tier 2,Dropbox,Entry-Level,"Fullstack Product Software Engineer, Admin Experience",Remote - US: Select locations,7344894,https://jobs.dropbox.com/listing/7344894,2025-11-14T09:45:01-05:00,,
Tier 2,Dropbox,Junior,"Infrastructure Software Engineer, Cloud Platform",Remote - US: Select locations,7387407,https://jobs.dropbox.com/listing/7387407,2025-11-18T12:06:54-05:00,,
Tier 2,Dropbox,Junior,"Infrastructure Software Engineer, API Platform",Remote - US: Select locations,7387415,https://jobs.dropbox.com/listing/7387415,2025-12-04T12:14:53-05:00,,
Tier 2,Dropbox,Entry-Level,Business Recruiter,Remote - US: Select locations,7460920,https://jobs.dropbox.com/listing/7460920,2025-12-11T13:16:54-05:00,,
Tier 2,Dropbox,Entry-Level,Program Manager,Remote - US: Select locations,7421208,https://jobs.dropbox.com/listing/7421208,2025-12-11T14:12:20-05:00,,
Tier 2,Dropbox,Intern,Software Engineer Intern (Summer 2026),Remote - US: All locations,7449835,https://jobs.dropbox.com/listing/7449835,2025-12-15T12:21:30-05:00,,
Tier 2,Dropbox,Entry-Level,"Fullstack Product Software Engineer, Multi-Product Admin Experience ",Remote - US: Select locations,7450228,https://jobs.dropbox.com/listing/7450228,2025-12-15T19:49:17-05:00,,
Tier 2,Dropbox,Entry-Level,"iOS Software Engineer, Mobile Infrastructure",Remote - US: All locations,7053876,https://jobs.dropbox.com/listing/7053876,2025-12-16T21:36:12-05:00,,
Tier 2,Dropbox,Entry-Level,"Technical Solutions Specialist, Full Time","Sydney, Australia",7481709,https://jobs.dropbox.com/listing/7481709,2025-12-17T15:16:10-05:00,,
Tier 2,Dropbox,Intern,"Program Manager, Emerging Talent",Remote - US: Select locations,7473481,https://jobs.dropbox.com/listing/7473481,2025-12-18T12:41:55-05:00,,
Tier 2,Dropbox,Junior,"Backend Product Software Engineer, Financial Data",Remote - US: Select locations,7482012,https://jobs.dropbox.com/listing/7482012,2025-12-18T18:31:11-05:00,,
Tier 2,Dropbox,Entry-Level,"Fullstack Product Software Engineer, Core Web Experience",Remote - US: Select locations,7466612,https://jobs.dropbox.com/listing/7466612,2025-12-19T14:29:21-05:00,,
Tier 2,Dropbox,Entry-Level,"Manager, Account Management",Remote - US: Select locations,7461120,https://jobs.dropbox.com/listing/7461120,2025-12-30T17:06:09-05:00,,
Tier 2,Dropbox,Entry-Level,"Infrastructure Software Engineer, Search Platform",Remote - US: Select locations,7492520,https://jobs.dropbox.com/listing/7492520,2026-01-07T16:38:56-05:00,,
Tier 2,Dropbox,Intern,Finance Transformation Intern (Summer 2026),Remote - US: All locations,7510447,https://jobs.dropbox.com/listing/7510447,2026-01-08T15:21:19-05:00,,
Tier 2,Dropbox,Junior,"Infrastructure Software Engineer, Developer Platform",Remote - US: Select locations,7446067,https://jobs.dropbox.com/listing/7446067,2026-01-09T13:00:31-05:00,,
Tier 2,Dropbox,Intern,Data Science Engineer Intern (Summer 2026),Remote - US: All locations,7527941,https://jobs.dropbox.com/listing/7527941,2026-01-12T11:53:45-05:00,,
Tier 2,Dropbox,Intern,Data Science Intern (Summer 2026),Remote - US: All locations,7527921,https://jobs.dropbox.com/listing/7527921,2026-01-12T11:53:25-05:00,,
Tier 2,Dropbox,Entry-Level,Product Support Representative,Remote - US: Select locations,7488554,https://jobs.dropbox.com/listing/7488554,2026-01-12T12:30:08-05:00,,
Tier 2,Dropbox,Entry-Level,Commercial Counsel,Remote - US: Select locations,7505497,https://jobs.dropbox.com/listing/7505497,2026-01-15T11:02:14-05:00,,
Tier 2,Dropbox,Junior,Infrastructure Software Engineer,Remote - US: Select locations,6330390,https://jobs.dropbox.com/listing/6330390,2026-01-20T17:44:28-05:00,,
Tier 2,Dropbox,Entry-Level,"People Team Data Analyst, Talent Acquisition",Remote - US: Select locations,7536371,https://jobs.dropbox.com/listing/7536371,2026-01-21T08:59:35-05:00,,
Tier 2,Dropbox,Entry-Level,Sr. Sales Compensation Analyst,Remote - US: Select locations,7524792,https://jobs.dropbox.com/listing/7524792,2026-01-21T13:08:00-05:00,,
Tier 2,Dropbox,Entry-Level,Fullstack Product Software Engineer,Remote - US: Select locations,6330409,https://jobs.dropbox.com/listing/6330409,2026-01-22T15:06:00-05:00,,
Tier 2,Dropbox,Intern,User Experience Research Intern (Summer 2026),Remote - US: All locations,7558568,https://jobs.dropbox.com/listing/7558568,2026-01-23T12:57:56-05:00,,
Tier 2,Dropbox,Intern,Support Enablement Engineer Intern  (Summer 2026),Remote - US: All locations,7531477,https://jobs.dropbox.com/listing/7531477,2026-01-23T16:19:49-05:00,,
Tier 2,Dropbox,Intern,Content Design Intern (Summer 2026),Remote - US: All locations,7558609,https://jobs.dropbox.com/listing/7558609,2026-01-27T18:31:52-05:00,,
Tier 2,Dropbox,Entry-Level,"Android Software Engineer, Mobile Experience",Remote - US: Select locations,7469388,https://jobs.dropbox.com/listing/7469388,2026-01-28T16:43:13-05:00,,
Tier 2,Dropbox,Entry-Level,Backend Product Software Engineer,Remote - US: Select locations,6333197,https://jobs.dropbox.com/listing/6333197,2026-01-29T15:05:54-05:00,,
Tier 2,Dropbox,Intern,CX Technical Content Design Intern (Summer 2026),Remote - US: All locations,7558512,https://jobs.dropbox.com/listing/7558512,2026-01-30T15:08:14-05:00,,
Tier 2,Dropbox,Intern,CX Video Content Design Intern (Summer 2026),Remote - US: All locations,7532161,https://jobs.dropbox.com/listing/7532161,2026-02-03T15:11:36-05:00,,
